Node,Betweenness Centrality
World,0.0
Ukraine,0.0
Japan,0.0002749437422804257
USA,0.004721587736663117
Germany,0.002369761264233625
Russian Federation,0.0010056173121499752

Node,Eigenvector_centrality
World,0.8716149972418425
Ukraine,0.2984124228513637
Japan,0.036032549214668995
USA,0.036032549214669
Germany,0.036032549214669
Russian Federation,0.03603254921466899

Average shortest path length
0.03655778894472362
